ticker,cik,fy,form,metric,tag_used,value,unit,filed,fp,start,end,source
NVDA,0001045810,2014,10-Q,AccountsReceivableNetCurrent,AccountsReceivableNetCurrent,426357000.0,USD,2014-05-21,Q1,,2014-01-26,primary
NVDA,0001045810,2014,10-Q,Assets,Assets,7250894000.0,USD,2014-05-21,Q1,,2014-01-26,primary
NVDA,0001045810,2014,10-Q,CashAndCashEquivalentsAtCarryingValue,CashAndCashEquivalentsAtCarryingValue,732786000.0,USD,2014-05-21,Q1,,2013-01-27,primary
NVDA,0001045810,2014,10-Q,CostOfRevenue,CostOfRevenue,436171000.0,USD,2014-05-21,Q1,2013-01-28,2013-04-28,primary
NVDA,0001045810,2014,10-Q,EarningsPerShareBasic,EarningsPerShareBasic,0.13,USD/shares,2014-05-21,Q1,2013-01-28,2013-04-28,primary
NVDA,0001045810,2014,10-Q,EarningsPerShareDiluted,EarningsPerShareDiluted,0.13,USD/shares,2014-05-21,Q1,2013-01-28,2013-04-28,primary
NVDA,0001045810,2014,10-Q,GrossProfit,GrossProfit,518568000.0,USD,2014-05-21,Q1,2013-01-28,2013-04-28,primary
NVDA,0001045810,2014,10-Q,IncomeTaxExpenseBenefit,IncomeTaxExpenseBenefit,10171000.0,USD,2014-05-21,Q1,2013-01-28,2013-04-28,primary
NVDA,0001045810,2014,10-Q,LongTermDebt,LongTermDebt,1356375000.0,USD,2014-05-21,Q1,,2014-01-26,primary
NVDA,0001045810,2014,10-Q,NetCashProvidedByUsedInOperatingActivities,NetCashProvidedByUsedInOperatingActivities,175650000.0,USD,2014-05-21,Q1,2013-01-28,2013-04-28,primary
NVDA,0001045810,2014,10-Q,NetIncomeLoss,NetIncomeLoss,77891000.0,USD,2014-05-21,Q1,2013-01-28,2013-04-28,primary
NVDA,0001045810,2014,10-Q,OperatingExpenses,OperatingExpenses,435787000.0,USD,2014-05-21,Q1,2013-01-28,2013-04-28,primary
NVDA,0001045810,2014,10-Q,OperatingIncomeLoss,OperatingIncomeLoss,82781000.0,USD,2014-05-21,Q1,2013-01-28,2013-04-28,primary
NVDA,0001045810,2014,10-Q,PaymentsToAcquirePropertyPlantAndEquipment,PaymentsToAcquirePropertyPlantAndEquipment,65667000.0,USD,2014-05-21,Q1,2013-01-28,2013-04-28,primary
NVDA,0001045810,2014,10-Q,ResearchAndDevelopmentExpense,ResearchAndDevelopmentExpense,327161000.0,USD,2014-05-21,Q1,2013-01-28,2013-04-28,primary
NVDA,0001045810,2014,10-Q,Revenues,Revenues,954739000.0,USD,2014-05-21,Q1,2013-01-28,2013-04-28,primary
NVDA,0001045810,2014,10-Q,SellingGeneralAndAdministrativeExpense,SellingGeneralAndAdministrativeExpense,108626000.0,USD,2014-05-21,Q1,2013-01-28,2013-04-28,primary
NVDA,0001045810,2014,10-Q,StockholdersEquity,StockholdersEquity,4456398000.0,USD,2014-05-21,Q1,,2014-01-26,primary
NVDA,0001045810,2015,10-K,AccountsReceivableNetCurrent,AccountsReceivableNetCurrent,426357000.0,USD,2015-03-12,FY,,2014-01-26,primary
NVDA,0001045810,2015,10-K,Assets,Assets,7250894000.0,USD,2015-03-12,FY,,2014-01-26,primary
NVDA,0001045810,2015,10-K,CashAndCashEquivalentsAtCarryingValue,CashAndCashEquivalentsAtCarryingValue,667876000.0,USD,2015-03-12,FY,,2012-01-29,primary
NVDA,0001045810,2015,10-K,CostOfRevenue,CostOfRevenue,2053816000.0,USD,2015-03-12,FY,2012-01-30,2013-01-27,primary
NVDA,0001045810,2015,10-K,EarningsPerShareBasic,EarningsPerShareBasic,0.91,USD/shares,2015-03-12,FY,2012-01-30,2013-01-27,primary
NVDA,0001045810,2015,10-K,EarningsPerShareDiluted,EarningsPerShareDiluted,0.9,USD/shares,2015-03-12,FY,2012-01-30,2013-01-27,primary
NVDA,0001045810,2015,10-K,GrossProfit,GrossProfit,2226343000.0,USD,2015-03-12,FY,2012-01-30,2013-01-27,primary
NVDA,0001045810,2015,10-K,IncomeTaxExpenseBenefit,IncomeTaxExpenseBenefit,99503000.0,USD,2015-03-12,FY,2012-01-30,2013-01-27,primary
NVDA,0001045810,2015,10-K,LongTermDebt,LongTermDebt,1356375000.0,USD,2015-03-12,FY,,2014-01-26,primary
NVDA,0001045810,2015,10-K,NetCashProvidedByUsedInOperatingActivities,NetCashProvidedByUsedInOperatingActivities,824172000.0,USD,2015-03-12,FY,2012-01-30,2013-01-27,primary
NVDA,0001045810,2015,10-K,NetIncomeLoss,NetIncomeLoss,562536000.0,USD,2015-03-12,FY,2012-01-30,2013-01-27,primary
NVDA,0001045810,2015,10-K,OperatingExpenses,OperatingExpenses,1578104000.0,USD,2015-03-12,FY,2012-01-30,2013-01-27,primary
NVDA,0001045810,2015,10-K,OperatingIncomeLoss,OperatingIncomeLoss,648239000.0,USD,2015-03-12,FY,2012-01-30,2013-01-27,primary
NVDA,0001045810,2015,10-K,ResearchAndDevelopmentExpense,ResearchAndDevelopmentExpense,1147282000.0,USD,2015-03-12,FY,2012-01-30,2013-01-27,primary
NVDA,0001045810,2015,10-K,Revenues,Revenues,4280159000.0,USD,2015-03-12,FY,2012-01-30,2013-01-27,primary
NVDA,0001045810,2015,10-K,SellingGeneralAndAdministrativeExpense,SellingGeneralAndAdministrativeExpense,430822000.0,USD,2015-03-12,FY,2012-01-30,2013-01-27,primary
NVDA,0001045810,2015,10-K,StockholdersEquity,StockholdersEquity,4145724000.0,USD,2015-03-12,FY,,2012-01-29,primary
NVDA,0001045810,2015,10-Q,AccountsReceivableNetCurrent,AccountsReceivableNetCurrent,426357000.0,USD,2014-11-19,Q3,,2014-01-26,primary
NVDA,0001045810,2015,10-Q,Assets,Assets,7250894000.0,USD,2014-11-19,Q3,,2014-01-26,primary
NVDA,0001045810,2015,10-Q,CashAndCashEquivalentsAtCarryingValue,CashAndCashEquivalentsAtCarryingValue,732786000.0,USD,2014-11-19,Q3,,2013-01-27,primary
NVDA,0001045810,2015,10-Q,CostOfRevenue,CostOfRevenue,1337423000.0,USD,2014-11-19,Q3,2013-01-28,2013-10-27,primary
NVDA,0001045810,2015,10-Q,EarningsPerShareBasic,EarningsPerShareBasic,0.49,USD/shares,2014-11-19,Q3,2013-01-28,2013-10-27,primary
NVDA,0001045810,2015,10-Q,EarningsPerShareDiluted,EarningsPerShareDiluted,0.49,USD/shares,2014-11-19,Q3,2013-01-28,2013-10-27,primary
NVDA,0001045810,2015,10-Q,GrossProfit,GrossProfit,1648521000.0,USD,2014-11-19,Q3,2013-01-28,2013-10-27,primary
NVDA,0001045810,2015,10-Q,IncomeTaxExpenseBenefit,IncomeTaxExpenseBenefit,48293000.0,USD,2014-11-19,Q3,2013-01-28,2013-10-27,primary
NVDA,0001045810,2015,10-Q,LongTermDebt,LongTermDebt,1356375000.0,USD,2014-11-19,Q3,,2014-01-26,primary
NVDA,0001045810,2015,10-Q,NetCashProvidedByUsedInOperatingActivities,NetCashProvidedByUsedInOperatingActivities,434434000.0,USD,2014-11-19,Q3,2013-01-28,2013-10-27,primary
NVDA,0001045810,2015,10-Q,NetIncomeLoss,NetIncomeLoss,293073000.0,USD,2014-11-19,Q3,2013-01-28,2013-10-27,primary
NVDA,0001045810,2015,10-Q,OperatingExpenses,OperatingExpenses,1319218000.0,USD,2014-11-19,Q3,2013-01-28,2013-10-27,primary
NVDA,0001045810,2015,10-Q,OperatingIncomeLoss,OperatingIncomeLoss,329303000.0,USD,2014-11-19,Q3,2013-01-28,2013-10-27,primary
NVDA,0001045810,2015,10-Q,PaymentsToAcquirePropertyPlantAndEquipment,PaymentsToAcquirePropertyPlantAndEquipment,188812000.0,USD,2014-11-19,Q3,2013-01-28,2013-10-27,primary
NVDA,0001045810,2015,10-Q,ResearchAndDevelopmentExpense,ResearchAndDevelopmentExpense,999193000.0,USD,2014-11-19,Q3,2013-01-28,2013-10-27,primary
NVDA,0001045810,2015,10-Q,Revenues,Revenues,2985944000.0,USD,2014-11-19,Q3,2013-01-28,2013-10-27,primary
NVDA,0001045810,2015,10-Q,SellingGeneralAndAdministrativeExpense,SellingGeneralAndAdministrativeExpense,320025000.0,USD,2014-11-19,Q3,2013-01-28,2013-10-27,primary
NVDA,0001045810,2015,10-Q,StockholdersEquity,StockholdersEquity,4456398000.0,USD,2014-11-19,Q3,,2014-01-26,primary
NVDA,0001045810,2016,10-K,AccountsReceivableNetCurrent,AccountsReceivableNetCurrent,474000000.0,USD,2016-03-17,FY,,2015-01-25,primary
NVDA,0001045810,2016,10-K,Assets,Assets,7201000000.0,USD,2016-03-17,FY,,2015-01-25,primary
NVDA,0001045810,2016,10-K,CashAndCashEquivalentsAtCarryingValue,CashAndCashEquivalentsAtCarryingValue,733000000.0,USD,2016-03-17,FY,,2013-01-27,primary
NVDA,0001045810,2016,10-K,CostOfRevenue,CostOfRevenue,1862000000.0,USD,2016-03-17,FY,2013-01-28,2014-01-26,primary
NVDA,0001045810,2016,10-K,EarningsPerShareBasic,EarningsPerShareBasic,0.75,USD/shares,2016-03-17,FY,2013-01-28,2014-01-26,primary
NVDA,0001045810,2016,10-K,EarningsPerShareDiluted,EarningsPerShareDiluted,0.74,USD/shares,2016-03-17,FY,2013-01-28,2014-01-26,primary
NVDA,0001045810,2016,10-K,GrossProfit,GrossProfit,2268000000.0,USD,2016-03-17,FY,2013-01-28,2014-01-26,primary
NVDA,0001045810,2016,10-K,IncomeTaxExpenseBenefit,IncomeTaxExpenseBenefit,70000000.0,USD,2016-03-17,FY,2013-01-28,2014-01-26,primary
NVDA,0001045810,2016,10-K,Liabilities,Liabilities,2783000000.0,USD,2016-03-17,FY,,2015-01-25,primary
NVDA,0001045810,2016,10-K,LongTermDebt,LongTermDebt,1384000000.0,USD,2016-03-17,FY,,2015-01-25,primary
NVDA,0001045810,2016,10-K,NetCashProvidedByUsedInOperatingActivities,NetCashProvidedByUsedInOperatingActivities,835000000.0,USD,2016-03-17,FY,2013-01-28,2014-01-26,primary
NVDA,0001045810,2016,10-K,NetIncomeLoss,NetIncomeLoss,440000000.0,USD,2016-03-17,FY,2013-01-28,2014-01-26,primary
NVDA,0001045810,2016,10-K,OperatingExpenses,OperatingExpenses,1772000000.0,USD,2016-03-17,FY,2013-01-28,2014-01-26,primary
NVDA,0001045810,2016,10-K,OperatingIncomeLoss,OperatingIncomeLoss,496000000.0,USD,2016-03-17,FY,2013-01-28,2014-01-26,primary
NVDA,0001045810,2016,10-K,ResearchAndDevelopmentExpense,ResearchAndDevelopmentExpense,1336000000.0,USD,2016-03-17,FY,2013-01-28,2014-01-26,primary
NVDA,0001045810,2016,10-K,Revenues,Revenues,4130000000.0,USD,2016-03-17,FY,2013-01-28,2014-01-26,primary
NVDA,0001045810,2016,10-K,SellingGeneralAndAdministrativeExpense,SellingGeneralAndAdministrativeExpense,436000000.0,USD,2016-03-17,FY,2013-01-28,2014-01-26,primary
NVDA,0001045810,2016,10-K,StockholdersEquity,StockholdersEquity,4827000000.0,USD,2016-03-17,FY,,2013-01-27,primary
NVDA,0001045810,2016,10-Q,AccountsReceivableNetCurrent,AccountsReceivableNetCurrent,474000000.0,USD,2015-11-18,Q3,,2015-01-25,primary
NVDA,0001045810,2016,10-Q,Assets,Assets,7201000000.0,USD,2015-11-18,Q3,,2015-01-25,primary
NVDA,0001045810,2016,10-Q,CashAndCashEquivalentsAtCarryingValue,CashAndCashEquivalentsAtCarryingValue,1152000000.0,USD,2015-11-18,Q3,,2014-01-26,primary
NVDA,0001045810,2016,10-Q,CostOfRevenue,CostOfRevenue,1531000000.0,USD,2015-11-18,Q3,2014-01-27,2014-10-26,primary
NVDA,0001045810,2016,10-Q,EarningsPerShareBasic,EarningsPerShareBasic,0.79,USD/shares,2015-11-18,Q3,2014-01-27,2014-10-26,primary
NVDA,0001045810,2016,10-Q,EarningsPerShareDiluted,EarningsPerShareDiluted,0.77,USD/shares,2015-11-18,Q3,2014-01-27,2014-10-26,primary
NVDA,0001045810,2016,10-Q,GrossProfit,GrossProfit,1900000000.0,USD,2015-11-18,Q3,2014-01-27,2014-10-26,primary
NVDA,0001045810,2016,10-Q,IncomeTaxExpenseBenefit,IncomeTaxExpenseBenefit,90000000.0,USD,2015-11-18,Q3,2014-01-27,2014-10-26,primary
NVDA,0001045810,2016,10-Q,LongTermDebt,LongTermDebt,1384000000.0,USD,2015-11-18,Q3,,2015-01-25,primary
NVDA,0001045810,2016,10-Q,NetCashProvidedByUsedInOperatingActivities,NetCashProvidedByUsedInOperatingActivities,463000000.0,USD,2015-11-18,Q3,2014-01-27,2014-10-26,primary
NVDA,0001045810,2016,10-Q,NetIncomeLoss,NetIncomeLoss,437000000.0,USD,2015-11-18,Q3,2014-01-27,2014-10-26,primary
NVDA,0001045810,2016,10-Q,OperatingExpenses,OperatingExpenses,1372000000.0,USD,2015-11-18,Q3,2014-01-27,2014-10-26,primary
NVDA,0001045810,2016,10-Q,OperatingIncomeLoss,OperatingIncomeLoss,528000000.0,USD,2015-11-18,Q3,2014-01-27,2014-10-26,primary
NVDA,0001045810,2016,10-Q,PaymentsToAcquirePropertyPlantAndEquipment,PaymentsToAcquirePropertyPlantAndEquipment,91000000.0,USD,2015-11-18,Q3,2014-01-27,2014-10-26,primary
NVDA,0001045810,2016,10-Q,ResearchAndDevelopmentExpense,ResearchAndDevelopmentExpense,1011000000.0,USD,2015-11-18,Q3,2014-01-27,2014-10-26,primary
NVDA,0001045810,2016,10-Q,Revenues,Revenues,3431000000.0,USD,2015-11-18,Q3,2014-01-27,2014-10-26,primary
NVDA,0001045810,2016,10-Q,SellingGeneralAndAdministrativeExpense,SellingGeneralAndAdministrativeExpense,361000000.0,USD,2015-11-18,Q3,2014-01-27,2014-10-26,primary
NVDA,0001045810,2016,10-Q,StockholdersEquity,StockholdersEquity,4418000000.0,USD,2015-11-18,Q3,,2015-01-25,primary
NVDA,0001045810,2017,10-K,AccountsReceivableNetCurrent,AccountsReceivableNetCurrent,505000000.0,USD,2017-03-01,FY,,2016-01-31,primary
NVDA,0001045810,2017,10-K,Assets,Assets,7370000000.0,USD,2017-03-01,FY,,2016-01-31,primary
NVDA,0001045810,2017,10-K,CashAndCashEquivalentsAtCarryingValue,CashAndCashEquivalentsAtCarryingValue,1152000000.0,USD,2017-03-01,FY,,2014-01-26,primary
NVDA,0001045810,2017,10-K,CostOfRevenue,CostOfRevenue,2083000000.0,USD,2017-03-01,FY,2014-01-27,2015-01-25,primary
NVDA,0001045810,2017,10-K,EarningsPerShareBasic,EarningsPerShareBasic,1.14,USD/shares,2017-03-01,FY,2014-01-27,2015-01-25,primary
NVDA,0001045810,2017,10-K,EarningsPerShareDiluted,EarningsPerShareDiluted,1.12,USD/shares,2017-03-01,FY,2014-01-27,2015-01-25,primary
NVDA,0001045810,2017,10-K,GrossProfit,GrossProfit,2599000000.0,USD,2017-03-01,FY,2014-01-27,2015-01-25,primary
NVDA,0001045810,2017,10-K,IncomeTaxExpenseBenefit,IncomeTaxExpenseBenefit,124000000.0,USD,2017-03-01,FY,2014-01-27,2015-01-25,primary
NVDA,0001045810,2017,10-K,Liabilities,Liabilities,2814000000.0,USD,2017-03-01,FY,,2016-01-31,primary
NVDA,0001045810,2017,10-K,LongTermDebt,LongTermDebt,0.0,USD,2017-03-01,FY,,2016-01-31,primary
NVDA,0001045810,2017,10-K,NetCashProvidedByUsedInOperatingActivities,NetCashProvidedByUsedInOperatingActivities,906000000.0,USD,2017-03-01,FY,2014-01-27,2015-01-25,primary
NVDA,0001045810,2017,10-K,NetIncomeLoss,NetIncomeLoss,631000000.0,USD,2017-03-01,FY,2014-01-27,2015-01-25,primary
NVDA,0001045810,2017,10-K,OperatingExpenses,OperatingExpenses,1840000000.0,USD,2017-03-01,FY,2014-01-27,2015-01-25,primary
NVDA,0001045810,2017,10-K,OperatingIncomeLoss,OperatingIncomeLoss,759000000.0,USD,2017-03-01,FY,2014-01-27,2015-01-25,primary
NVDA,0001045810,2017,10-K,ResearchAndDevelopmentExpense,ResearchAndDevelopmentExpense,1360000000.0,USD,2017-03-01,FY,2014-01-27,2015-01-25,primary
NVDA,0001045810,2017,10-K,Revenues,Revenues,4682000000.0,USD,2017-03-01,FY,2014-01-27,2015-01-25,primary
NVDA,0001045810,2017,10-K,SellingGeneralAndAdministrativeExpense,SellingGeneralAndAdministrativeExpense,480000000.0,USD,2017-03-01,FY,2014-01-27,2015-01-25,primary
NVDA,0001045810,2017,10-K,StockholdersEquity,StockholdersEquity,4455000000.0,USD,2017-03-01,FY,,2014-01-26,primary
NVDA,0001045810,2017,10-Q,AccountsReceivableNetCurrent,AccountsReceivableNetCurrent,505000000.0,USD,2016-11-22,Q3,,2016-01-31,primary
NVDA,0001045810,2017,10-Q,Assets,Assets,7370000000.0,USD,2016-11-22,Q3,,2016-01-31,primary
NVDA,0001045810,2017,10-Q,CashAndCashEquivalentsAtCarryingValue,CashAndCashEquivalentsAtCarryingValue,497000000.0,USD,2016-11-22,Q3,,2015-01-25,primary
NVDA,0001045810,2017,10-Q,CostOfRevenue,CostOfRevenue,1589000000.0,USD,2016-11-22,Q3,2015-01-26,2015-10-25,primary
NVDA,0001045810,2017,10-Q,EarningsPerShareBasic,EarningsPerShareBasic,0.75,USD/shares,2016-11-22,Q3,2015-01-26,2015-10-25,primary
NVDA,0001045810,2017,10-Q,EarningsPerShareDiluted,EarningsPerShareDiluted,0.72,USD/shares,2016-11-22,Q3,2015-01-26,2015-10-25,primary
NVDA,0001045810,2017,10-Q,GrossProfit,GrossProfit,2020000000.0,USD,2016-11-22,Q3,2015-01-26,2015-10-25,primary
NVDA,0001045810,2017,10-Q,IncomeTaxExpenseBenefit,IncomeTaxExpenseBenefit,83000000.0,USD,2016-11-22,Q3,2015-01-26,2015-10-25,primary
NVDA,0001045810,2017,10-Q,Liabilities,Liabilities,2814000000.0,USD,2016-11-22,Q3,,2016-01-31,primary
NVDA,0001045810,2017,10-Q,LongTermDebt,LongTermDebt,0.0,USD,2016-11-22,Q3,,2016-01-31,primary
NVDA,0001045810,2017,10-Q,NetCashProvidedByUsedInOperatingActivities,NetCashProvidedByUsedInOperatingActivities,664000000.0,USD,2016-11-22,Q3,2015-01-26,2015-10-25,primary
NVDA,0001045810,2017,10-Q,NetIncomeLoss,NetIncomeLoss,406000000.0,USD,2016-11-22,Q3,2015-01-26,2015-10-25,primary
NVDA,0001045810,2017,10-Q,OperatingExpenses,OperatingExpenses,1525000000.0,USD,2016-11-22,Q3,2015-01-26,2015-10-25,primary
NVDA,0001045810,2017,10-Q,OperatingIncomeLoss,OperatingIncomeLoss,495000000.0,USD,2016-11-22,Q3,2015-01-26,2015-10-25,primary
NVDA,0001045810,2017,10-Q,PaymentsToAcquirePropertyPlantAndEquipment,PaymentsToAcquirePropertyPlantAndEquipment,71000000.0,USD,2016-11-22,Q3,2015-01-26,2015-10-25,primary
NVDA,0001045810,2017,10-Q,ResearchAndDevelopmentExpense,ResearchAndDevelopmentExpense,987000000.0,USD,2016-11-22,Q3,2015-01-26,2015-10-25,primary
NVDA,0001045810,2017,10-Q,Revenues,Revenues,3609000000.0,USD,2016-11-22,Q3,2015-01-26,2015-10-25,primary
NVDA,0001045810,2017,10-Q,SellingGeneralAndAdministrativeExpense,SellingGeneralAndAdministrativeExpense,441000000.0,USD,2016-11-22,Q3,2015-01-26,2015-10-25,primary
NVDA,0001045810,2017,10-Q,StockholdersEquity,StockholdersEquity,4469000000.0,USD,2016-11-22,Q3,,2016-01-31,primary
NVDA,0001045810,2018,10-K,AccountsReceivableNetCurrent,AccountsReceivableNetCurrent,826000000.0,USD,2018-02-28,FY,,2017-01-29,primary
NVDA,0001045810,2018,10-K,Assets,Assets,9841000000.0,USD,2018-02-28,FY,,2017-01-29,primary
NVDA,0001045810,2018,10-K,CashAndCashEquivalentsAtCarryingValue,CashAndCashEquivalentsAtCarryingValue,497000000.0,USD,2018-02-28,FY,,2015-01-25,primary
NVDA,0001045810,2018,10-K,CostOfRevenue,CostOfRevenue,2199000000.0,USD,2018-02-28,FY,2015-01-26,2016-01-31,primary
NVDA,0001045810,2018,10-K,EarningsPerShareBasic,EarningsPerShareBasic,1.13,USD/shares,2018-02-28,FY,2015-01-26,2016-01-31,primary
NVDA,0001045810,2018,10-K,EarningsPerShareDiluted,EarningsPerShareDiluted,1.08,USD/shares,2018-02-28,FY,2015-01-26,2016-01-31,primary
NVDA,0001045810,2018,10-K,GrossProfit,GrossProfit,2811000000.0,USD,2018-02-28,FY,2015-01-26,2016-01-31,primary
NVDA,0001045810,2018,10-K,IncomeTaxExpenseBenefit,IncomeTaxExpenseBenefit,129000000.0,USD,2018-02-28,FY,2015-01-26,2016-01-31,primary
NVDA,0001045810,2018,10-K,Liabilities,Liabilities,4048000000.0,USD,2018-02-28,FY,,2017-01-29,primary
NVDA,0001045810,2018,10-K,LongTermDebt,LongTermDebt,1983000000.0,USD,2018-02-28,FY,,2017-01-29,primary
NVDA,0001045810,2018,10-K,NetCashProvidedByUsedInOperatingActivities,NetCashProvidedByUsedInOperatingActivities,1175000000.0,USD,2018-02-28,FY,2015-01-26,2016-01-31,primary
NVDA,0001045810,2018,10-K,NetIncomeLoss,NetIncomeLoss,614000000.0,USD,2018-02-28,FY,2015-01-26,2016-01-31,primary
NVDA,0001045810,2018,10-K,OperatingExpenses,OperatingExpenses,2064000000.0,USD,2018-02-28,FY,2015-01-26,2016-01-31,primary
NVDA,0001045810,2018,10-K,OperatingIncomeLoss,OperatingIncomeLoss,747000000.0,USD,2018-02-28,FY,2015-01-26,2016-01-31,primary
NVDA,0001045810,2018,10-K,ResearchAndDevelopmentExpense,ResearchAndDevelopmentExpense,1331000000.0,USD,2018-02-28,FY,2015-01-26,2016-01-31,primary
NVDA,0001045810,2018,10-K,Revenues,Revenues,5010000000.0,USD,2018-02-28,FY,2015-01-26,2016-01-31,primary
NVDA,0001045810,2018,10-K,SellingGeneralAndAdministrativeExpense,SellingGeneralAndAdministrativeExpense,602000000.0,USD,2018-02-28,FY,2015-01-26,2016-01-31,primary
NVDA,0001045810,2018,10-K,StockholdersEquity,StockholdersEquity,4418000000.0,USD,2018-02-28,FY,,2015-01-25,primary
NVDA,0001045810,2018,10-Q,AccountsReceivableNetCurrent,AccountsReceivableNetCurrent,826000000.0,USD,2017-11-21,Q3,,2017-01-29,primary
NVDA,0001045810,2018,10-Q,Assets,Assets,9841000000.0,USD,2017-11-21,Q3,,2017-01-29,primary
NVDA,0001045810,2018,10-Q,CashAndCashEquivalentsAtCarryingValue,CashAndCashEquivalentsAtCarryingValue,596000000.0,USD,2017-11-21,Q3,,2016-01-31,primary
NVDA,0001045810,2018,10-Q,CostOfRevenue,CostOfRevenue,1977000000.0,USD,2017-11-21,Q3,2016-02-01,2016-10-30,primary
NVDA,0001045810,2018,10-Q,EarningsPerShareBasic,EarningsPerShareBasic,1.89,USD/shares,2017-11-21,Q3,2016-02-01,2016-10-30,primary
NVDA,0001045810,2018,10-Q,EarningsPerShareDiluted,EarningsPerShareDiluted,1.59,USD/shares,2017-11-21,Q3,2016-02-01,2016-10-30,primary
NVDA,0001045810,2018,10-Q,GrossProfit,GrossProfit,2760000000.0,USD,2017-11-21,Q3,2016-02-01,2016-10-30,primary
NVDA,0001045810,2018,10-Q,IncomeTaxExpenseBenefit,IncomeTaxExpenseBenefit,168000000.0,USD,2017-11-21,Q3,2016-02-01,2016-10-30,primary
NVDA,0001045810,2018,10-Q,Liabilities,Liabilities,4048000000.0,USD,2017-11-21,Q3,,2017-01-29,primary
NVDA,0001045810,2018,10-Q,LongTermDebt,LongTermDebt,1983000000.0,USD,2017-11-21,Q3,,2017-01-29,primary
NVDA,0001045810,2018,10-Q,NetCashProvidedByUsedInOperatingActivities,NetCashProvidedByUsedInOperatingActivities,951000000.0,USD,2017-11-21,Q3,2016-02-01,2016-10-30,primary
NVDA,0001045810,2018,10-Q,NetIncomeLoss,NetIncomeLoss,1012000000.0,USD,2017-11-21,Q3,2016-02-01,2016-10-30,primary
NVDA,0001045810,2018,10-Q,OperatingExpenses,OperatingExpenses,1559000000.0,USD,2017-11-21,Q3,2016-02-01,2016-10-30,primary
NVDA,0001045810,2018,10-Q,OperatingIncomeLoss,OperatingIncomeLoss,1201000000.0,USD,2017-11-21,Q3,2016-02-01,2016-10-30,primary
NVDA,0001045810,2018,10-Q,PaymentsToAcquirePropertyPlantAndEquipment,PaymentsToAcquirePropertyPlantAndEquipment,125000000.0,USD,2017-11-21,Q3,2016-02-01,2016-10-30,primary
NVDA,0001045810,2018,10-Q,ResearchAndDevelopmentExpense,ResearchAndDevelopmentExpense,1069000000.0,USD,2017-11-21,Q3,2016-02-01,2016-10-30,primary
NVDA,0001045810,2018,10-Q,Revenues,Revenues,4737000000.0,USD,2017-11-21,Q3,2016-02-01,2016-10-30,primary
NVDA,0001045810,2018,10-Q,SellingGeneralAndAdministrativeExpense,SellingGeneralAndAdministrativeExpense,487000000.0,USD,2017-11-21,Q3,2016-02-01,2016-10-30,primary
NVDA,0001045810,2018,10-Q,StockholdersEquity,StockholdersEquity,5762000000.0,USD,2017-11-21,Q3,,2017-01-29,primary
NVDA,0001045810,2019,10-K,AccountsReceivableNetCurrent,AccountsReceivableNetCurrent,1265000000.0,USD,2019-02-21,FY,,2018-01-28,primary
NVDA,0001045810,2019,10-K,Assets,Assets,11241000000.0,USD,2019-02-21,FY,,2018-01-28,primary
NVDA,0001045810,2019,10-K,CashAndCashEquivalentsAtCarryingValue,CashAndCashEquivalentsAtCarryingValue,596000000.0,USD,2019-02-21,FY,,2016-01-31,primary
NVDA,0001045810,2019,10-K,EarningsPerShareBasic,EarningsPerShareBasic,3.08,USD/shares,2019-02-21,FY,2016-02-01,2017-01-29,primary
NVDA,0001045810,2019,10-K,EarningsPerShareDiluted,EarningsPerShareDiluted,2.57,USD/shares,2019-02-21,FY,2016-02-01,2017-01-29,primary
NVDA,0001045810,2019,10-K,GrossProfit,GrossProfit,4063000000.0,USD,2019-02-21,FY,2016-02-01,2017-01-29,primary
NVDA,0001045810,2019,10-K,IncomeTaxExpenseBenefit,IncomeTaxExpenseBenefit,239000000.0,USD,2019-02-21,FY,2016-02-01,2017-01-29,primary
NVDA,0001045810,2019,10-K,Liabilities,Liabilities,3770000000.0,USD,2019-02-21,FY,,2018-01-28,primary
NVDA,0001045810,2019,10-K,LongTermDebt,LongTermDebt,1985000000.0,USD,2019-02-21,FY,,2018-01-28,primary
NVDA,0001045810,2019,10-K,NetCashProvidedByUsedInOperatingActivities,NetCashProvidedByUsedInOperatingActivities,1672000000.0,USD,2019-02-21,FY,2016-02-01,2017-01-29,primary
NVDA,0001045810,2019,10-K,NetIncomeLoss,NetIncomeLoss,1666000000.0,USD,2019-02-21,FY,2016-02-01,2017-01-29,primary
NVDA,0001045810,2019,10-K,OperatingExpenses,OperatingExpenses,2129000000.0,USD,2019-02-21,FY,2016-02-01,2017-01-29,primary
NVDA,0001045810,2019,10-K,OperatingIncomeLoss,OperatingIncomeLoss,1934000000.0,USD,2019-02-21,FY,2016-02-01,2017-01-29,primary
NVDA,0001045810,2019,10-K,ResearchAndDevelopmentExpense,ResearchAndDevelopmentExpense,1463000000.0,USD,2019-02-21,FY,2016-02-01,2017-01-29,primary
NVDA,0001045810,2019,10-K,SellingGeneralAndAdministrativeExpense,SellingGeneralAndAdministrativeExpense,663000000.0,USD,2019-02-21,FY,2016-02-01,2017-01-29,primary
NVDA,0001045810,2019,10-K,StockholdersEquity,StockholdersEquity,4469000000.0,USD,2019-02-21,FY,,2016-01-31,primary
NVDA,0001045810,2019,10-Q,AccountsReceivableNetCurrent,AccountsReceivableNetCurrent,1265000000.0,USD,2018-11-15,Q3,,2018-01-28,primary
NVDA,0001045810,2019,10-Q,Assets,Assets,11241000000.0,USD,2018-11-15,Q3,,2018-01-28,primary
NVDA,0001045810,2019,10-Q,CashAndCashEquivalentsAtCarryingValue,CashAndCashEquivalentsAtCarryingValue,1766000000.0,USD,2018-11-15,Q3,,2017-01-29,primary
NVDA,0001045810,2019,10-Q,CostOfRevenue,CostOfRevenue,2782000000.0,USD,2018-11-15,Q3,2017-01-30,2017-10-29,primary
NVDA,0001045810,2019,10-Q,EarningsPerShareBasic,EarningsPerShareBasic,3.23,USD/shares,2018-11-15,Q3,2017-01-30,2017-10-29,primary
NVDA,0001045810,2019,10-Q,EarningsPerShareDiluted,EarningsPerShareDiluted,3.05,USD/shares,2018-11-15,Q3,2017-01-30,2017-10-29,primary
NVDA,0001045810,2019,10-Q,GrossProfit,GrossProfit,4021000000.0,USD,2018-11-15,Q3,2017-01-30,2017-10-29,primary
NVDA,0001045810,2019,10-Q,IncomeTaxExpenseBenefit,IncomeTaxExpenseBenefit,189000000.0,USD,2018-11-15,Q3,2017-01-30,2017-10-29,primary
NVDA,0001045810,2019,10-Q,Liabilities,Liabilities,3770000000.0,USD,2018-11-15,Q3,,2018-01-28,primary
NVDA,0001045810,2019,10-Q,LongTermDebt,LongTermDebt,1985000000.0,USD,2018-11-15,Q3,,2018-01-28,primary
NVDA,0001045810,2019,10-Q,NetCashProvidedByUsedInOperatingActivities,NetCashProvidedByUsedInOperatingActivities,2144000000.0,USD,2018-11-15,Q3,2017-01-30,2017-10-29,primary
NVDA,0001045810,2019,10-Q,NetIncomeLoss,NetIncomeLoss,1928000000.0,USD,2018-11-15,Q3,2017-01-30,2017-10-29,primary
NVDA,0001045810,2019,10-Q,OperatingExpenses,OperatingExpenses,1884000000.0,USD,2018-11-15,Q3,2017-01-30,2017-10-29,primary
NVDA,0001045810,2019,10-Q,OperatingIncomeLoss,OperatingIncomeLoss,2137000000.0,USD,2018-11-15,Q3,2017-01-30,2017-10-29,primary
NVDA,0001045810,2019,10-Q,PaymentsToAcquirePropertyPlantAndEquipment,PaymentsToAcquirePropertyPlantAndEquipment,177000000.0,USD,2018-11-15,Q3,2017-01-30,2017-10-29,primary
NVDA,0001045810,2019,10-Q,ResearchAndDevelopmentExpense,ResearchAndDevelopmentExpense,1290000000.0,USD,2018-11-15,Q3,2017-01-30,2017-10-29,primary
NVDA,0001045810,2019,10-Q,Revenues,Revenues,6803000000.0,USD,2018-11-15,Q3,2017-01-30,2017-10-29,primary
NVDA,0001045810,2019,10-Q,SellingGeneralAndAdministrativeExpense,SellingGeneralAndAdministrativeExpense,594000000.0,USD,2018-11-15,Q3,2017-01-30,2017-10-29,primary
NVDA,0001045810,2019,10-Q,StockholdersEquity,StockholdersEquity,7471000000.0,USD,2018-11-15,Q3,,2018-01-28,primary
NVDA,0001045810,2020,10-K,AccountsReceivableNetCurrent,AccountsReceivableNetCurrent,1424000000.0,USD,2020-02-20,FY,,2019-01-27,primary
NVDA,0001045810,2020,10-K,Assets,Assets,13292000000.0,USD,2020-02-20,FY,,2019-01-27,primary
NVDA,0001045810,2020,10-K,CashAndCashEquivalentsAtCarryingValue,CashAndCashEquivalentsAtCarryingValue,782000000.0,USD,2020-02-20,FY,,2019-01-27,primary
NVDA,0001045810,2020,10-K,EarningsPerShareBasic,EarningsPerShareBasic,5.09,USD/shares,2020-02-20,FY,2017-01-30,2018-01-28,primary
NVDA,0001045810,2020,10-K,EarningsPerShareDiluted,EarningsPerShareDiluted,4.82,USD/shares,2020-02-20,FY,2017-01-30,2018-01-28,primary
NVDA,0001045810,2020,10-K,GrossProfit,GrossProfit,5822000000.0,USD,2020-02-20,FY,2017-01-30,2018-01-28,primary
NVDA,0001045810,2020,10-K,IncomeTaxExpenseBenefit,IncomeTaxExpenseBenefit,149000000.0,USD,2020-02-20,FY,2017-01-30,2018-01-28,primary
NVDA,0001045810,2020,10-K,Liabilities,Liabilities,3950000000.0,USD,2020-02-20,FY,,2019-01-27,primary
NVDA,0001045810,2020,10-K,LongTermDebt,LongTermDebt,1988000000.0,USD,2020-02-20,FY,,2019-01-27,primary
NVDA,0001045810,2020,10-K,NetCashProvidedByUsedInOperatingActivities,NetCashProvidedByUsedInOperatingActivities,3502000000.0,USD,2020-02-20,FY,2017-01-30,2018-01-28,primary
NVDA,0001045810,2020,10-K,NetIncomeLoss,NetIncomeLoss,3047000000.0,USD,2020-02-20,FY,2017-01-30,2018-01-28,primary
NVDA,0001045810,2020,10-K,OperatingExpenses,OperatingExpenses,2612000000.0,USD,2020-02-20,FY,2017-01-30,2018-01-28,primary
NVDA,0001045810,2020,10-K,OperatingIncomeLoss,OperatingIncomeLoss,3210000000.0,USD,2020-02-20,FY,2017-01-30,2018-01-28,primary
NVDA,0001045810,2020,10-K,ResearchAndDevelopmentExpense,ResearchAndDevelopmentExpense,1797000000.0,USD,2020-02-20,FY,2017-01-30,2018-01-28,primary
NVDA,0001045810,2020,10-K,SellingGeneralAndAdministrativeExpense,SellingGeneralAndAdministrativeExpense,815000000.0,USD,2020-02-20,FY,2017-01-30,2018-01-28,primary
NVDA,0001045810,2020,10-K,StockholdersEquity,StockholdersEquity,5762000000.0,USD,2020-02-20,FY,,2017-01-29,primary
NVDA,0001045810,2020,10-Q,AccountsReceivableNetCurrent,AccountsReceivableNetCurrent,1657000000.0,USD,2020-08-19,Q2,,2020-01-26,primary
NVDA,0001045810,2020,10-Q,Assets,Assets,17315000000.0,USD,2020-08-19,Q2,,2020-01-26,primary
NVDA,0001045810,2020,10-Q,CashAndCashEquivalentsAtCarryingValue,CashAndCashEquivalentsAtCarryingValue,10896000000.0,USD,2020-08-19,Q2,,2020-01-26,primary
NVDA,0001045810,2020,10-Q,CostOfRevenue,CostOfRevenue,1962000000.0,USD,2020-08-19,Q2,2019-01-28,2019-07-28,primary
NVDA,0001045810,2020,10-Q,EarningsPerShareBasic,EarningsPerShareBasic,1.56,USD/shares,2020-08-19,Q2,2019-01-28,2019-07-28,primary
NVDA,0001045810,2020,10-Q,EarningsPerShareDiluted,EarningsPerShareDiluted,1.54,USD/shares,2020-08-19,Q2,2019-01-28,2019-07-28,primary
NVDA,0001045810,2020,10-Q,GrossProfit,GrossProfit,2837000000.0,USD,2020-08-19,Q2,2019-01-28,2019-07-28,primary
NVDA,0001045810,2020,10-Q,IncomeTaxExpenseBenefit,IncomeTaxExpenseBenefit,48000000.0,USD,2020-08-19,Q2,2019-01-28,2019-07-28,primary
NVDA,0001045810,2020,10-Q,Liabilities,Liabilities,5111000000.0,USD,2020-08-19,Q2,,2020-01-26,primary
NVDA,0001045810,2020,10-Q,LongTermDebt,LongTermDebt,1991000000.0,USD,2020-08-19,Q2,,2020-01-26,primary
NVDA,0001045810,2020,10-Q,NetCashProvidedByUsedInOperatingActivities,NetCashProvidedByUsedInOperatingActivities,1656000000.0,USD,2020-08-19,Q2,2019-01-28,2019-07-28,primary
NVDA,0001045810,2020,10-Q,NetIncomeLoss,NetIncomeLoss,947000000.0,USD,2020-08-19,Q2,2019-01-28,2019-07-28,primary
NVDA,0001045810,2020,10-Q,OperatingExpenses,OperatingExpenses,1908000000.0,USD,2020-08-19,Q2,2019-01-28,2019-07-28,primary
NVDA,0001045810,2020,10-Q,OperatingIncomeLoss,OperatingIncomeLoss,929000000.0,USD,2020-08-19,Q2,2019-01-28,2019-07-28,primary
NVDA,0001045810,2020,10-Q,PaymentsToAcquirePropertyPlantAndEquipment,PaymentsToAcquirePropertyPlantAndEquipment,241000000.0,USD,2020-08-19,Q2,2019-01-28,2019-07-28,primary
NVDA,0001045810,2020,10-Q,ResearchAndDevelopmentExpense,ResearchAndDevelopmentExpense,1379000000.0,USD,2020-08-19,Q2,2019-01-28,2019-07-28,primary
NVDA,0001045810,2020,10-Q,Revenues,Revenues,4799000000.0,USD,2020-08-19,Q2,2019-01-28,2019-07-28,primary
NVDA,0001045810,2020,10-Q,SellingGeneralAndAdministrativeExpense,SellingGeneralAndAdministrativeExpense,529000000.0,USD,2020-08-19,Q2,2019-01-28,2019-07-28,primary
NVDA,0001045810,2020,10-Q,StockholdersEquity,StockholdersEquity,9342000000.0,USD,2020-08-19,Q2,,2019-01-27,primary
NVDA,0001045810,2021,10-K,AccountsReceivableNetCurrent,AccountsReceivableNetCurrent,1657000000.0,USD,2021-02-26,FY,,2020-01-26,primary
NVDA,0001045810,2021,10-K,Assets,Assets,17315000000.0,USD,2021-02-26,FY,,2020-01-26,primary
NVDA,0001045810,2021,10-K,CashAndCashEquivalentsAtCarryingValue,CashAndCashEquivalentsAtCarryingValue,10896000000.0,USD,2021-02-26,FY,,2020-01-26,primary
NVDA,0001045810,2021,10-K,EarningsPerShareBasic,EarningsPerShareBasic,6.81,USD/shares,2021-02-26,FY,2018-01-29,2019-01-27,primary
NVDA,0001045810,2021,10-K,EarningsPerShareDiluted,EarningsPerShareDiluted,6.63,USD/shares,2021-02-26,FY,2018-01-29,2019-01-27,primary
NVDA,0001045810,2021,10-K,GrossProfit,GrossProfit,7171000000.0,USD,2021-02-26,FY,2018-01-29,2019-01-27,primary
NVDA,0001045810,2021,10-K,IncomeTaxExpenseBenefit,IncomeTaxExpenseBenefit,-245000000.0,USD,2021-02-26,FY,2018-01-29,2019-01-27,primary
NVDA,0001045810,2021,10-K,Liabilities,Liabilities,5111000000.0,USD,2021-02-26,FY,,2020-01-26,primary
NVDA,0001045810,2021,10-K,LongTermDebt,LongTermDebt,1991000000.0,USD,2021-02-26,FY,,2020-01-26,primary
NVDA,0001045810,2021,10-K,NetCashProvidedByUsedInOperatingActivities,NetCashProvidedByUsedInOperatingActivities,3743000000.0,USD,2021-02-26,FY,2018-01-29,2019-01-27,primary
NVDA,0001045810,2021,10-K,NetIncomeLoss,NetIncomeLoss,4141000000.0,USD,2021-02-26,FY,2018-01-29,2019-01-27,primary
NVDA,0001045810,2021,10-K,OperatingExpenses,OperatingExpenses,3367000000.0,USD,2021-02-26,FY,2018-01-29,2019-01-27,primary
NVDA,0001045810,2021,10-K,OperatingIncomeLoss,OperatingIncomeLoss,3804000000.0,USD,2021-02-26,FY,2018-01-29,2019-01-27,primary
NVDA,0001045810,2021,10-K,ResearchAndDevelopmentExpense,ResearchAndDevelopmentExpense,2376000000.0,USD,2021-02-26,FY,2018-01-29,2019-01-27,primary
NVDA,0001045810,2021,10-K,SellingGeneralAndAdministrativeExpense,SellingGeneralAndAdministrativeExpense,991000000.0,USD,2021-02-26,FY,2018-01-29,2019-01-27,primary
NVDA,0001045810,2021,10-K,StockholdersEquity,StockholdersEquity,7471000000.0,USD,2021-02-26,FY,,2018-01-28,primary
NVDA,0001045810,2021,10-Q,AccountsReceivableNetCurrent,AccountsReceivableNetCurrent,1657000000.0,USD,2020-11-18,Q3,,2020-01-26,primary
NVDA,0001045810,2021,10-Q,Assets,Assets,17315000000.0,USD,2020-11-18,Q3,,2020-01-26,primary
NVDA,0001045810,2021,10-Q,CashAndCashEquivalentsAtCarryingValue,CashAndCashEquivalentsAtCarryingValue,10896000000.0,USD,2020-11-18,Q3,,2020-01-26,primary
NVDA,0001045810,2021,10-Q,CostOfRevenue,CostOfRevenue,3060000000.0,USD,2020-11-18,Q3,2019-01-28,2019-10-27,primary
NVDA,0001045810,2021,10-Q,EarningsPerShareBasic,EarningsPerShareBasic,3.03,USD/shares,2020-11-18,Q3,2019-01-28,2019-10-27,primary
NVDA,0001045810,2021,10-Q,EarningsPerShareDiluted,EarningsPerShareDiluted,2.99,USD/shares,2020-11-18,Q3,2019-01-28,2019-10-27,primary
NVDA,0001045810,2021,10-Q,GrossProfit,GrossProfit,4753000000.0,USD,2020-11-18,Q3,2019-01-28,2019-10-27,primary
NVDA,0001045810,2021,10-Q,IncomeTaxExpenseBenefit,IncomeTaxExpenseBenefit,109000000.0,USD,2020-11-18,Q3,2019-01-28,2019-10-27,primary
NVDA,0001045810,2021,10-Q,Liabilities,Liabilities,5111000000.0,USD,2020-11-18,Q3,,2020-01-26,primary
NVDA,0001045810,2021,10-Q,LongTermDebt,LongTermDebt,1991000000.0,USD,2020-11-18,Q3,,2020-01-26,primary
NVDA,0001045810,2021,10-Q,NetCashProvidedByUsedInOperatingActivities,NetCashProvidedByUsedInOperatingActivities,3296000000.0,USD,2020-11-18,Q3,2019-01-28,2019-10-27,primary
NVDA,0001045810,2021,10-Q,NetIncomeLoss,NetIncomeLoss,1845000000.0,USD,2020-11-18,Q3,2019-01-28,2019-10-27,primary
NVDA,0001045810,2021,10-Q,OperatingExpenses,OperatingExpenses,2897000000.0,USD,2020-11-18,Q3,2019-01-28,2019-10-27,primary
NVDA,0001045810,2021,10-Q,OperatingIncomeLoss,OperatingIncomeLoss,1856000000.0,USD,2020-11-18,Q3,2019-01-28,2019-10-27,primary
NVDA,0001045810,2021,10-Q,ResearchAndDevelopmentExpense,ResearchAndDevelopmentExpense,2091000000.0,USD,2020-11-18,Q3,2019-01-28,2019-10-27,primary
NVDA,0001045810,2021,10-Q,Revenues,Revenues,7813000000.0,USD,2020-11-18,Q3,2019-01-28,2019-10-27,primary
NVDA,0001045810,2021,10-Q,SellingGeneralAndAdministrativeExpense,SellingGeneralAndAdministrativeExpense,806000000.0,USD,2020-11-18,Q3,2019-01-28,2019-10-27,primary
NVDA,0001045810,2021,10-Q,StockholdersEquity,StockholdersEquity,9342000000.0,USD,2020-11-18,Q3,,2019-01-27,primary
NVDA,0001045810,2022,10-K,AccountsReceivableNetCurrent,AccountsReceivableNetCurrent,2429000000.0,USD,2022-03-18,FY,,2021-01-31,primary
NVDA,0001045810,2022,10-K,Assets,Assets,28791000000.0,USD,2022-03-18,FY,,2021-01-31,primary
NVDA,0001045810,2022,10-K,CashAndCashEquivalentsAtCarryingValue,CashAndCashEquivalentsAtCarryingValue,847000000.0,USD,2022-03-18,FY,,2021-01-31,primary
NVDA,0001045810,2022,10-K,CostOfRevenue,CostOfRevenue,4150000000.0,USD,2022-03-18,FY,2019-01-28,2020-01-26,primary
NVDA,0001045810,2022,10-K,EarningsPerShareBasic,EarningsPerShareBasic,1.15,USD/shares,2022-03-18,FY,2019-01-28,2020-01-26,primary
NVDA,0001045810,2022,10-K,EarningsPerShareDiluted,EarningsPerShareDiluted,1.13,USD/shares,2022-03-18,FY,2019-01-28,2020-01-26,primary
NVDA,0001045810,2022,10-K,GrossProfit,GrossProfit,6768000000.0,USD,2022-03-18,FY,2019-01-28,2020-01-26,primary
NVDA,0001045810,2022,10-K,IncomeTaxExpenseBenefit,IncomeTaxExpenseBenefit,174000000.0,USD,2022-03-18,FY,2019-01-28,2020-01-26,primary
NVDA,0001045810,2022,10-K,Liabilities,Liabilities,11898000000.0,USD,2022-03-18,FY,,2021-01-31,primary
NVDA,0001045810,2022,10-K,LongTermDebt,LongTermDebt,6963000000.0,USD,2022-03-18,FY,,2021-01-31,primary
NVDA,0001045810,2022,10-K,NetCashProvidedByUsedInOperatingActivities,NetCashProvidedByUsedInOperatingActivities,4761000000.0,USD,2022-03-18,FY,2019-01-28,2020-01-26,primary
NVDA,0001045810,2022,10-K,NetIncomeLoss,NetIncomeLoss,2796000000.0,USD,2022-03-18,FY,2019-01-28,2020-01-26,primary
NVDA,0001045810,2022,10-K,OperatingExpenses,OperatingExpenses,3922000000.0,USD,2022-03-18,FY,2019-01-28,2020-01-26,primary
NVDA,0001045810,2022,10-K,OperatingIncomeLoss,OperatingIncomeLoss,2846000000.0,USD,2022-03-18,FY,2019-01-28,2020-01-26,primary
NVDA,0001045810,2022,10-K,ResearchAndDevelopmentExpense,ResearchAndDevelopmentExpense,2829000000.0,USD,2022-03-18,FY,2019-01-28,2020-01-26,primary
NVDA,0001045810,2022,10-K,Revenues,Revenues,10918000000.0,USD,2022-03-18,FY,2019-01-28,2020-01-26,primary
NVDA,0001045810,2022,10-K,SellingGeneralAndAdministrativeExpense,SellingGeneralAndAdministrativeExpense,1093000000.0,USD,2022-03-18,FY,2019-01-28,2020-01-26,primary
NVDA,0001045810,2022,10-K,StockholdersEquity,StockholdersEquity,9342000000.0,USD,2022-03-18,FY,,2019-01-27,primary
NVDA,0001045810,2022,10-Q,AccountsReceivableNetCurrent,AccountsReceivableNetCurrent,2429000000.0,USD,2021-11-22,Q3,,2021-01-31,primary
NVDA,0001045810,2022,10-Q,Assets,Assets,28791000000.0,USD,2021-11-22,Q3,,2021-01-31,primary
NVDA,0001045810,2022,10-Q,CashAndCashEquivalentsAtCarryingValue,CashAndCashEquivalentsAtCarryingValue,847000000.0,USD,2021-11-22,Q3,,2021-01-31,primary
NVDA,0001045810,2022,10-Q,CostOfRevenue,CostOfRevenue,4432000000.0,USD,2021-11-22,Q3,2020-01-27,2020-10-25,primary
NVDA,0001045810,2022,10-Q,EarningsPerShareBasic,EarningsPerShareBasic,1.17,USD/shares,2021-11-22,Q3,2020-01-27,2020-10-25,primary
NVDA,0001045810,2022,10-Q,EarningsPerShareDiluted,EarningsPerShareDiluted,1.15,USD/shares,2021-11-22,Q3,2020-01-27,2020-10-25,primary
NVDA,0001045810,2022,10-Q,GrossProfit,GrossProfit,7240000000.0,USD,2021-11-22,Q3,2020-01-27,2020-10-25,primary
NVDA,0001045810,2022,10-Q,IncomeTaxExpenseBenefit,IncomeTaxExpenseBenefit,64000000.0,USD,2021-11-22,Q3,2020-01-27,2020-10-25,primary
NVDA,0001045810,2022,10-Q,Liabilities,Liabilities,11898000000.0,USD,2021-11-22,Q3,,2021-01-31,primary
NVDA,0001045810,2022,10-Q,LongTermDebt,LongTermDebt,6963000000.0,USD,2021-11-22,Q3,,2021-01-31,primary
NVDA,0001045810,2022,10-Q,NetCashProvidedByUsedInOperatingActivities,NetCashProvidedByUsedInOperatingActivities,3755000000.0,USD,2021-11-22,Q3,2020-01-27,2020-10-25,primary
NVDA,0001045810,2022,10-Q,NetIncomeLoss,NetIncomeLoss,2875000000.0,USD,2021-11-22,Q3,2020-01-27,2020-10-25,primary
NVDA,0001045810,2022,10-Q,OperatingExpenses,OperatingExpenses,4215000000.0,USD,2021-11-22,Q3,2020-01-27,2020-10-25,primary
NVDA,0001045810,2022,10-Q,OperatingIncomeLoss,OperatingIncomeLoss,3025000000.0,USD,2021-11-22,Q3,2020-01-27,2020-10-25,primary
NVDA,0001045810,2022,10-Q,ResearchAndDevelopmentExpense,ResearchAndDevelopmentExpense,2778000000.0,USD,2021-11-22,Q3,2020-01-27,2020-10-25,primary
NVDA,0001045810,2022,10-Q,Revenues,Revenues,11672000000.0,USD,2021-11-22,Q3,2020-01-27,2020-10-25,primary
NVDA,0001045810,2022,10-Q,SellingGeneralAndAdministrativeExpense,SellingGeneralAndAdministrativeExpense,1437000000.0,USD,2021-11-22,Q3,2020-01-27,2020-10-25,primary
NVDA,0001045810,2022,10-Q,StockholdersEquity,StockholdersEquity,12204000000.0,USD,2021-11-22,Q3,,2020-01-26,primary
NVDA,0001045810,2023,10-K,AccountsReceivableNetCurrent,AccountsReceivableNetCurrent,4650000000.0,USD,2023-02-24,FY,,2022-01-30,primary
NVDA,0001045810,2023,10-K,Assets,Assets,44187000000.0,USD,2023-02-24,FY,,2022-01-30,primary
NVDA,0001045810,2023,10-K,CashAndCashEquivalentsAtCarryingValue,CashAndCashEquivalentsAtCarryingValue,1990000000.0,USD,2023-02-24,FY,,2022-01-30,primary
NVDA,0001045810,2023,10-K,CostOfRevenue,CostOfRevenue,6279000000.0,USD,2023-02-24,FY,2020-01-27,2021-01-31,primary
NVDA,0001045810,2023,10-K,EarningsPerShareBasic,EarningsPerShareBasic,1.76,USD/shares,2023-02-24,FY,2020-01-27,2021-01-31,primary
NVDA,0001045810,2023,10-K,EarningsPerShareDiluted,EarningsPerShareDiluted,1.73,USD/shares,2023-02-24,FY,2020-01-27,2021-01-31,primary
NVDA,0001045810,2023,10-K,GrossProfit,GrossProfit,10396000000.0,USD,2023-02-24,FY,2020-01-27,2021-01-31,primary
NVDA,0001045810,2023,10-K,IncomeTaxExpenseBenefit,IncomeTaxExpenseBenefit,77000000.0,USD,2023-02-24,FY,2020-01-27,2021-01-31,primary
NVDA,0001045810,2023,10-K,Liabilities,Liabilities,17575000000.0,USD,2023-02-24,FY,,2022-01-30,primary
NVDA,0001045810,2023,10-K,LongTermDebt,LongTermDebt,10946000000.0,USD,2023-02-24,FY,,2022-01-30,primary
NVDA,0001045810,2023,10-K,NetCashProvidedByUsedInOperatingActivities,NetCashProvidedByUsedInOperatingActivities,5822000000.0,USD,2023-02-24,FY,2020-01-27,2021-01-31,primary
NVDA,0001045810,2023,10-K,NetIncomeLoss,NetIncomeLoss,4332000000.0,USD,2023-02-24,FY,2020-01-27,2021-01-31,primary
NVDA,0001045810,2023,10-K,OperatingExpenses,OperatingExpenses,5864000000.0,USD,2023-02-24,FY,2020-01-27,2021-01-31,primary
NVDA,0001045810,2023,10-K,OperatingIncomeLoss,OperatingIncomeLoss,4532000000.0,USD,2023-02-24,FY,2020-01-27,2021-01-31,primary
NVDA,0001045810,2023,10-K,ResearchAndDevelopmentExpense,ResearchAndDevelopmentExpense,3924000000.0,USD,2023-02-24,FY,2020-01-27,2021-01-31,primary
NVDA,0001045810,2023,10-K,Revenues,Revenues,16675000000.0,USD,2023-02-24,FY,2020-01-27,2021-01-31,primary
NVDA,0001045810,2023,10-K,SellingGeneralAndAdministrativeExpense,SellingGeneralAndAdministrativeExpense,1940000000.0,USD,2023-02-24,FY,2020-01-27,2021-01-31,primary
NVDA,0001045810,2023,10-K,StockholdersEquity,StockholdersEquity,12204000000.0,USD,2023-02-24,FY,,2020-01-26,primary
NVDA,0001045810,2023,10-Q,AccountsReceivableNetCurrent,AccountsReceivableNetCurrent,4650000000.0,USD,2022-11-18,Q3,,2022-01-30,primary
NVDA,0001045810,2023,10-Q,Assets,Assets,44187000000.0,USD,2022-11-18,Q3,,2022-01-30,primary
NVDA,0001045810,2023,10-Q,CashAndCashEquivalentsAtCarryingValue,CashAndCashEquivalentsAtCarryingValue,1990000000.0,USD,2022-11-18,Q3,,2022-01-30,primary
NVDA,0001045810,2023,10-Q,CostOfRevenue,CostOfRevenue,6795000000.0,USD,2022-11-18,Q3,2021-02-01,2021-10-31,primary
NVDA,0001045810,2023,10-Q,EarningsPerShareBasic,EarningsPerShareBasic,2.71,USD/shares,2022-11-18,Q3,2021-02-01,2021-10-31,primary
NVDA,0001045810,2023,10-Q,EarningsPerShareDiluted,EarningsPerShareDiluted,2.67,USD/shares,2022-11-18,Q3,2021-02-01,2021-10-31,primary
NVDA,0001045810,2023,10-Q,GrossProfit,GrossProfit,12476000000.0,USD,2022-11-18,Q3,2021-02-01,2021-10-31,primary
NVDA,0001045810,2023,10-Q,IncomeTaxExpenseBenefit,IncomeTaxExpenseBenefit,327000000.0,USD,2022-11-18,Q3,2021-02-01,2021-10-31,primary
NVDA,0001045810,2023,10-Q,Liabilities,Liabilities,17575000000.0,USD,2022-11-18,Q3,,2022-01-30,primary
NVDA,0001045810,2023,10-Q,LongTermDebt,LongTermDebt,10946000000.0,USD,2022-11-18,Q3,,2022-01-30,primary
NVDA,0001045810,2023,10-Q,NetCashProvidedByUsedInOperatingActivities,NetCashProvidedByUsedInOperatingActivities,6075000000.0,USD,2022-11-18,Q3,2021-02-01,2021-10-31,primary
NVDA,0001045810,2023,10-Q,NetIncomeLoss,NetIncomeLoss,6749000000.0,USD,2022-11-18,Q3,2021-02-01,2021-10-31,primary
NVDA,0001045810,2023,10-Q,OperatingExpenses,OperatingExpenses,5405000000.0,USD,2022-11-18,Q3,2021-02-01,2021-10-31,primary
NVDA,0001045810,2023,10-Q,OperatingIncomeLoss,OperatingIncomeLoss,7071000000.0,USD,2022-11-18,Q3,2021-02-01,2021-10-31,primary
NVDA,0001045810,2023,10-Q,ResearchAndDevelopmentExpense,ResearchAndDevelopmentExpense,3802000000.0,USD,2022-11-18,Q3,2021-02-01,2021-10-31,primary
NVDA,0001045810,2023,10-Q,Revenues,Revenues,19271000000.0,USD,2022-11-18,Q3,2021-02-01,2021-10-31,primary
NVDA,0001045810,2023,10-Q,SellingGeneralAndAdministrativeExpense,SellingGeneralAndAdministrativeExpense,1603000000.0,USD,2022-11-18,Q3,2021-02-01,2021-10-31,primary
NVDA,0001045810,2023,10-Q,StockholdersEquity,StockholdersEquity,16893000000.0,USD,2022-11-18,Q3,,2021-01-31,primary
NVDA,0001045810,2024,10-K,AccountsReceivableNetCurrent,AccountsReceivableNetCurrent,3827000000.0,USD,2024-02-21,FY,,2023-01-29,primary
NVDA,0001045810,2024,10-K,Assets,Assets,41182000000.0,USD,2024-02-21,FY,,2023-01-29,primary
NVDA,0001045810,2024,10-K,CashAndCashEquivalentsAtCarryingValue,CashAndCashEquivalentsAtCarryingValue,3389000000.0,USD,2024-02-21,FY,,2023-01-29,primary
NVDA,0001045810,2024,10-K,CostOfRevenue,CostOfRevenue,9439000000.0,USD,2024-02-21,FY,2021-02-01,2022-01-30,primary
NVDA,0001045810,2024,10-K,EarningsPerShareBasic,EarningsPerShareBasic,3.91,USD/shares,2024-02-21,FY,2021-02-01,2022-01-30,primary
NVDA,0001045810,2024,10-K,EarningsPerShareDiluted,EarningsPerShareDiluted,3.85,USD/shares,2024-02-21,FY,2021-02-01,2022-01-30,primary
NVDA,0001045810,2024,10-K,GrossProfit,GrossProfit,17475000000.0,USD,2024-02-21,FY,2021-02-01,2022-01-30,primary
NVDA,0001045810,2024,10-K,IncomeTaxExpenseBenefit,IncomeTaxExpenseBenefit,189000000.0,USD,2024-02-21,FY,2021-02-01,2022-01-30,primary
NVDA,0001045810,2024,10-K,Liabilities,Liabilities,19081000000.0,USD,2024-02-21,FY,,2023-01-29,primary
NVDA,0001045810,2024,10-K,LongTermDebt,LongTermDebt,10953000000.0,USD,2024-02-21,FY,,2023-01-29,primary
NVDA,0001045810,2024,10-K,NetCashProvidedByUsedInOperatingActivities,NetCashProvidedByUsedInOperatingActivities,9108000000.0,USD,2024-02-21,FY,2021-02-01,2022-01-30,primary
NVDA,0001045810,2024,10-K,NetIncomeLoss,NetIncomeLoss,9752000000.0,USD,2024-02-21,FY,2021-02-01,2022-01-30,primary
NVDA,0001045810,2024,10-K,OperatingExpenses,OperatingExpenses,7434000000.0,USD,2024-02-21,FY,2021-02-01,2022-01-30,primary
NVDA,0001045810,2024,10-K,OperatingIncomeLoss,OperatingIncomeLoss,10041000000.0,USD,2024-02-21,FY,2021-02-01,2022-01-30,primary
NVDA,0001045810,2024,10-K,ResearchAndDevelopmentExpense,ResearchAndDevelopmentExpense,5268000000.0,USD,2024-02-21,FY,2021-02-01,2022-01-30,primary
NVDA,0001045810,2024,10-K,Revenues,Revenues,26914000000.0,USD,2024-02-21,FY,2021-02-01,2022-01-30,primary
NVDA,0001045810,2024,10-K,SellingGeneralAndAdministrativeExpense,SellingGeneralAndAdministrativeExpense,2166000000.0,USD,2024-02-21,FY,2021-02-01,2022-01-30,primary
NVDA,0001045810,2024,10-K,StockholdersEquity,StockholdersEquity,16893000000.0,USD,2024-02-21,FY,,2021-01-31,primary
NVDA,0001045810,2024,10-Q,AccountsReceivableNetCurrent,AccountsReceivableNetCurrent,3827000000.0,USD,2023-11-21,Q3,,2023-01-29,primary
NVDA,0001045810,2024,10-Q,Assets,Assets,41182000000.0,USD,2023-11-21,Q3,,2023-01-29,primary
NVDA,0001045810,2024,10-Q,CashAndCashEquivalentsAtCarryingValue,CashAndCashEquivalentsAtCarryingValue,3389000000.0,USD,2023-11-21,Q3,,2023-01-29,primary
NVDA,0001045810,2024,10-Q,CostOfRevenue,CostOfRevenue,9400000000.0,USD,2023-11-21,Q3,2022-01-31,2022-10-30,primary
NVDA,0001045810,2024,10-Q,EarningsPerShareBasic,EarningsPerShareBasic,1.18,USD/shares,2023-11-21,Q3,2022-01-31,2022-10-30,primary
NVDA,0001045810,2024,10-Q,EarningsPerShareDiluted,EarningsPerShareDiluted,1.17,USD/shares,2023-11-21,Q3,2022-01-31,2022-10-30,primary
NVDA,0001045810,2024,10-Q,GrossProfit,GrossProfit,11523000000.0,USD,2023-11-21,Q3,2022-01-31,2022-10-30,primary
NVDA,0001045810,2024,10-Q,IncomeTaxExpenseBenefit,IncomeTaxExpenseBenefit,-61000000.0,USD,2023-11-21,Q3,2022-01-31,2022-10-30,primary
NVDA,0001045810,2024,10-Q,Liabilities,Liabilities,19081000000.0,USD,2023-11-21,Q3,,2023-01-29,primary
NVDA,0001045810,2024,10-Q,LongTermDebt,LongTermDebt,10953000000.0,USD,2023-11-21,Q3,,2023-01-29,primary
NVDA,0001045810,2024,10-Q,NetCashProvidedByUsedInOperatingActivities,NetCashProvidedByUsedInOperatingActivities,3393000000.0,USD,2023-11-21,Q3,2022-01-31,2022-10-30,primary
NVDA,0001045810,2024,10-Q,NetIncomeLoss,NetIncomeLoss,2954000000.0,USD,2023-11-21,Q3,2022-01-31,2022-10-30,primary
NVDA,0001045810,2024,10-Q,OperatingExpenses,OperatingExpenses,8555000000.0,USD,2023-11-21,Q3,2022-01-31,2022-10-30,primary
NVDA,0001045810,2024,10-Q,OperatingIncomeLoss,OperatingIncomeLoss,2968000000.0,USD,2023-11-21,Q3,2022-01-31,2022-10-30,primary
NVDA,0001045810,2024,10-Q,ResearchAndDevelopmentExpense,ResearchAndDevelopmentExpense,5387000000.0,USD,2023-11-21,Q3,2022-01-31,2022-10-30,primary
NVDA,0001045810,2024,10-Q,Revenues,Revenues,20923000000.0,USD,2023-11-21,Q3,2022-01-31,2022-10-30,primary
NVDA,0001045810,2024,10-Q,SellingGeneralAndAdministrativeExpense,SellingGeneralAndAdministrativeExpense,1815000000.0,USD,2023-11-21,Q3,2022-01-31,2022-10-30,primary
NVDA,0001045810,2024,10-Q,StockholdersEquity,StockholdersEquity,26612000000.0,USD,2023-11-21,Q3,,2022-01-30,primary
NVDA,0001045810,2025,10-K,AccountsReceivableNetCurrent,AccountsReceivableNetCurrent,9999000000.0,USD,2025-02-26,FY,,2024-01-28,primary
NVDA,0001045810,2025,10-K,Assets,Assets,65728000000.0,USD,2025-02-26,FY,,2024-01-28,primary
NVDA,0001045810,2025,10-K,CashAndCashEquivalentsAtCarryingValue,CashAndCashEquivalentsAtCarryingValue,7280000000.0,USD,2025-02-26,FY,,2024-01-28,primary
NVDA,0001045810,2025,10-K,CostOfRevenue,CostOfRevenue,11618000000.0,USD,2025-02-26,FY,2022-01-31,2023-01-29,primary
NVDA,0001045810,2025,10-K,EarningsPerShareBasic,EarningsPerShareBasic,0.18,USD/shares,2025-02-26,FY,2022-01-31,2023-01-29,primary
NVDA,0001045810,2025,10-K,EarningsPerShareDiluted,EarningsPerShareDiluted,0.17,USD/shares,2025-02-26,FY,2022-01-31,2023-01-29,primary
NVDA,0001045810,2025,10-K,GrossProfit,GrossProfit,15356000000.0,USD,2025-02-26,FY,2022-01-31,2023-01-29,primary
NVDA,0001045810,2025,10-K,IncomeTaxExpenseBenefit,IncomeTaxExpenseBenefit,-187000000.0,USD,2025-02-26,FY,2022-01-31,2023-01-29,primary
NVDA,0001045810,2025,10-K,Liabilities,Liabilities,22750000000.0,USD,2025-02-26,FY,,2024-01-28,primary
NVDA,0001045810,2025,10-K,LongTermDebt,LongTermDebt,9709000000.0,USD,2025-02-26,FY,,2024-01-28,primary
NVDA,0001045810,2025,10-K,NetCashProvidedByUsedInOperatingActivities,NetCashProvidedByUsedInOperatingActivities,5641000000.0,USD,2025-02-26,FY,2022-01-31,2023-01-29,primary
NVDA,0001045810,2025,10-K,NetIncomeLoss,NetIncomeLoss,4368000000.0,USD,2025-02-26,FY,2022-01-31,2023-01-29,primary
NVDA,0001045810,2025,10-K,OperatingExpenses,OperatingExpenses,11132000000.0,USD,2025-02-26,FY,2022-01-31,2023-01-29,primary
NVDA,0001045810,2025,10-K,OperatingIncomeLoss,OperatingIncomeLoss,4224000000.0,USD,2025-02-26,FY,2022-01-31,2023-01-29,primary
NVDA,0001045810,2025,10-K,ResearchAndDevelopmentExpense,ResearchAndDevelopmentExpense,7339000000.0,USD,2025-02-26,FY,2022-01-31,2023-01-29,primary
NVDA,0001045810,2025,10-K,Revenues,Revenues,26974000000.0,USD,2025-02-26,FY,2022-01-31,2023-01-29,primary
NVDA,0001045810,2025,10-K,SellingGeneralAndAdministrativeExpense,SellingGeneralAndAdministrativeExpense,2440000000.0,USD,2025-02-26,FY,2022-01-31,2023-01-29,primary
NVDA,0001045810,2025,10-K,StockholdersEquity,StockholdersEquity,26612000000.0,USD,2025-02-26,FY,,2022-01-30,primary
NVDA,0001045810,2025,10-Q,AccountsReceivableNetCurrent,AccountsReceivableNetCurrent,9999000000.0,USD,2024-11-20,Q3,,2024-01-28,primary
NVDA,0001045810,2025,10-Q,Assets,Assets,65728000000.0,USD,2024-11-20,Q3,,2024-01-28,primary
NVDA,0001045810,2025,10-Q,CashAndCashEquivalentsAtCarryingValue,CashAndCashEquivalentsAtCarryingValue,7280000000.0,USD,2024-11-20,Q3,,2024-01-28,primary
NVDA,0001045810,2025,10-Q,CostOfRevenue,CostOfRevenue,11309000000.0,USD,2024-11-20,Q3,2023-01-30,2023-10-29,primary
NVDA,0001045810,2025,10-Q,EarningsPerShareBasic,EarningsPerShareBasic,0.71,USD/shares,2024-11-20,Q3,2023-01-30,2023-10-29,primary
NVDA,0001045810,2025,10-Q,EarningsPerShareDiluted,EarningsPerShareDiluted,0.7,USD/shares,2024-11-20,Q3,2023-01-30,2023-10-29,primary
NVDA,0001045810,2025,10-Q,GrossProfit,GrossProfit,27510000000.0,USD,2024-11-20,Q3,2023-01-30,2023-10-29,primary
NVDA,0001045810,2025,10-Q,IncomeTaxExpenseBenefit,IncomeTaxExpenseBenefit,2237000000.0,USD,2024-11-20,Q3,2023-01-30,2023-10-29,primary
NVDA,0001045810,2025,10-Q,Liabilities,Liabilities,22750000000.0,USD,2024-11-20,Q3,,2024-01-28,primary
NVDA,0001045810,2025,10-Q,LongTermDebt,LongTermDebt,9709000000.0,USD,2024-11-20,Q3,,2024-01-28,primary
NVDA,0001045810,2025,10-Q,NetCashProvidedByUsedInOperatingActivities,NetCashProvidedByUsedInOperatingActivities,16591000000.0,USD,2024-11-20,Q3,2023-01-30,2023-10-29,primary
NVDA,0001045810,2025,10-Q,NetIncomeLoss,NetIncomeLoss,17475000000.0,USD,2024-11-20,Q3,2023-01-30,2023-10-29,primary
NVDA,0001045810,2025,10-Q,OperatingExpenses,OperatingExpenses,8152000000.0,USD,2024-11-20,Q3,2023-01-30,2023-10-29,primary
NVDA,0001045810,2025,10-Q,OperatingIncomeLoss,OperatingIncomeLoss,19358000000.0,USD,2024-11-20,Q3,2023-01-30,2023-10-29,primary
NVDA,0001045810,2025,10-Q,ResearchAndDevelopmentExpense,ResearchAndDevelopmentExpense,6210000000.0,USD,2024-11-20,Q3,2023-01-30,2023-10-29,primary
NVDA,0001045810,2025,10-Q,Revenues,Revenues,38819000000.0,USD,2024-11-20,Q3,2023-01-30,2023-10-29,primary
NVDA,0001045810,2025,10-Q,SellingGeneralAndAdministrativeExpense,SellingGeneralAndAdministrativeExpense,1942000000.0,USD,2024-11-20,Q3,2023-01-30,2023-10-29,primary
NVDA,0001045810,2025,10-Q,StockholdersEquity,StockholdersEquity,22101000000.0,USD,2024-11-20,Q3,,2023-01-29,primary
NVDA,0001045810,2026,10-Q,AccountsReceivableNetCurrent,AccountsReceivableNetCurrent,23065000000.0,USD,2025-08-27,Q2,,2025-01-26,primary
NVDA,0001045810,2026,10-Q,Assets,Assets,111601000000.0,USD,2025-08-27,Q2,,2025-01-26,primary
NVDA,0001045810,2026,10-Q,CashAndCashEquivalentsAtCarryingValue,CashAndCashEquivalentsAtCarryingValue,8589000000.0,USD,2025-08-27,Q2,,2025-01-26,primary
NVDA,0001045810,2026,10-Q,CostOfRevenue,CostOfRevenue,13105000000.0,USD,2025-08-27,Q2,2024-01-29,2024-07-28,primary
NVDA,0001045810,2026,10-Q,EarningsPerShareBasic,EarningsPerShareBasic,1.28,USD/shares,2025-08-27,Q2,2024-01-29,2024-07-28,primary
NVDA,0001045810,2026,10-Q,EarningsPerShareDiluted,EarningsPerShareDiluted,1.27,USD/shares,2025-08-27,Q2,2024-01-29,2024-07-28,primary
NVDA,0001045810,2026,10-Q,GrossProfit,GrossProfit,42979000000.0,USD,2025-08-27,Q2,2024-01-29,2024-07-28,primary
NVDA,0001045810,2026,10-Q,IncomeTaxExpenseBenefit,IncomeTaxExpenseBenefit,5013000000.0,USD,2025-08-27,Q2,2024-01-29,2024-07-28,primary
NVDA,0001045810,2026,10-Q,Liabilities,Liabilities,32274000000.0,USD,2025-08-27,Q2,,2025-01-26,primary
NVDA,0001045810,2026,10-Q,LongTermDebt,LongTermDebt,8463000000.0,USD,2025-08-27,Q2,,2025-01-26,primary
NVDA,0001045810,2026,10-Q,NetCashProvidedByUsedInOperatingActivities,NetCashProvidedByUsedInOperatingActivities,29833000000.0,USD,2025-08-27,Q2,2024-01-29,2024-07-28,primary
NVDA,0001045810,2026,10-Q,NetIncomeLoss,NetIncomeLoss,31480000000.0,USD,2025-08-27,Q2,2024-01-29,2024-07-28,primary
NVDA,0001045810,2026,10-Q,OperatingExpenses,OperatingExpenses,7428000000.0,USD,2025-08-27,Q2,2024-01-29,2024-07-28,primary
NVDA,0001045810,2026,10-Q,OperatingIncomeLoss,OperatingIncomeLoss,35551000000.0,USD,2025-08-27,Q2,2024-01-29,2024-07-28,primary
NVDA,0001045810,2026,10-Q,ResearchAndDevelopmentExpense,ResearchAndDevelopmentExpense,5810000000.0,USD,2025-08-27,Q2,2024-01-29,2024-07-28,primary
NVDA,0001045810,2026,10-Q,Revenues,Revenues,56084000000.0,USD,2025-08-27,Q2,2024-01-29,2024-07-28,primary
NVDA,0001045810,2026,10-Q,SellingGeneralAndAdministrativeExpense,SellingGeneralAndAdministrativeExpense,1618000000.0,USD,2025-08-27,Q2,2024-01-29,2024-07-28,primary
NVDA,0001045810,2026,10-Q,StockholdersEquity,StockholdersEquity,42978000000.0,USD,2025-08-27,Q2,,2024-01-28,primary
